{
  "version": "7",
  "dialect": "sqlite",
  "entries": [
    {
      "idx": 0,
      "version": "6",
      "when": 1744692127560,
      "tag": "0000_nebulous_proemial_gods",
      "breakpoints": true
    },
    {
      "idx": 1,
      "version": "6",
      "when": 1744999922420,
      "tag": "0001_hesitant_roland_deschain",
      "breakpoints": true
    },
    {
      "idx": 2,
      "version": "6",
      "when": 1745359640409,
      "tag": "0002_unique_morlocks",
      "breakpoints": true
    },
    {
      "idx": 3,
      "version": "6",
      "when": 1746209201530,
      "tag": "0003_open_bucky",
      "breakpoints": true
    },
    {
      "idx": 4,
      "version": "6",
      "when": 1746556241557,
      "tag": "0004_flawless_jigsaw",
      "breakpoints": true
    },
    {
      "idx": 5,
      "version": "6",
      "when": 1747095436506,
      "tag": "0005_clumsy_namor",
      "breakpoints": true
    },
    {
      "idx": 6,
      "version": "6",
      "when": 1749515724373,
      "tag": "0006_mushy_squirrel_girl",
      "breakpoints": true
    },
    {
      "idx": 7,
      "version": "6",
      "when": 1750186036000,
      "tag": "0007_dapper_overlord",
      "breakpoints": true
    },
    {
      "idx": 8,
      "version": "6",
      "when": 1752625491756,
      "tag": "0008_medical_vulcan",
      "breakpoints": true
    },
    {
      "idx": 9,
      "version": "6",
      "when": 1753473275674,
      "tag": "0009_previous_misty_knight",
      "breakpoints": true
    },
    {
      "idx": 10,
      "version": "6",
      "when": 1755110011615,
      "tag": "0010_nappy_fat_cobra",
      "breakpoints": true
    },
    {
      "idx": 11,
      "version": "6",
      "when": 1755545060076,
      "tag": "0011_light_zeigeist",
      "breakpoints": true
    },
    {
      "idx": 12,
      "version": "6",
      "when": 1758320228637,
      "tag": "0012_bouncy_fenris",
      "breakpoints": true
    }
  ]
}